userID,email,password,gender,display_language,content_languages,local_customization,display_name,about
1,hoopslovr@gmail.com,bball123,male,english,english/spanish,Colorado,TheHoopsGuy,Just a guy who loves hoops
2,karenSpade@gmail.com,bonsai123,female,english,english/french,California,conscientiousK,Passionate about pure balance and good food.
3,politicsAndForks@gmail.com,politics456,non-binary,english,english,Washington,PolicyPundit,Analyzing politics and advocating for positive change.
4,dealsHunter@gmail.com,deals789,male,english,english/spanish,New York,SavingsSeeker,Finding the best online deals for tech and gadgets.
5,horrorFanatic@gmail.com,scaryMovies1,female,english,english,Massachusetts,ScreamQueen,Connoisseur of horror movies and all things creepy.
6,randomUser1@gmail.com,password1,male,english,english,Texas,ExplorerGuy,Just a regular person with a regular life.
7,ordinaryJane@gmail.com,password2,female,english,english,Florida,SimpleLifeFan,Enjoying the simple pleasures of life.
8,johnDoe@gmail.com,password3,male,english,english,California,EverydayJohn,Business innovator.
9,travelBug@gmail.com,password4,non-binary,english,english/spanish,New York,WanderlustSoul,Just chillin.
10,randomUser2@gmail.com,password5,female,english,english,Arizona,AdventureSeeker,Embracing adventures.
21,bookworm99@gmail.com,reading123,female,english,english,Ohio,LiteraryLover,Escaping reality through the pages of a good book.
22,techEnthusiast@gmail.com,tech123,male,english,english,Georgia,GadgetGeek,Passionate about the latest in technology and gadgets.
23,musicFan@gmail.com,tunes456,female,english,english/spanish,Tennessee,MelodyMaster,Exploring the world of music one note at a time.
24,sportsFan@gmail.com,sports789,male,spanish,english,Michigan,TeamSpiritGuy,Cheering for the home team and enjoying sports conversations.
25,cookingAficionado@gmail.com,foodie1,female,spanish,english,Arizona,HomeChef,Creating delicious dishes in the kitchen is my happy place.
26,artLover@gmail.com,canvasArt,male,spanish,english/spanish,Illinois,VisualExplorer,Appreciating the beauty of art in all its forms.
27,movieBuff@gmail.com,cinephile2,non-binary,english,english,Colorado,FilmAficionado,From blockbusters to indie films--cinema is my love.